Sample Name,Species name,short name,protocol,detected adapter ,"Random Adapter 
Bases (5' - 3')"
180919-190527_Brain_S35.fastq.gz,Homo sapiens,hsa,Bioo,TGGAATTCTCGGGTGCCAAGGG,4 - 4
32150043_EXO_S34.fastq.gz,Homo sapiens,hsa,Bioo,TGGAATTCTCGGGTGCCAAGGG,4 - 4
32152359_EXO_S1.fastq.gz,Homo sapiens,hsa,Bioo,TGGAATTCTCGGGTGCCAAGGG,4 - 4
32152366_EXO_S2.fastq.gz,Homo sapiens,hsa,Bioo,TGGAATTCTCGGGTGCCAAGGG,4 - 4
32152381_EXO_S3.fastq.gz,Homo sapiens,hsa,Bioo,TGGAATTCTCGGGTGCCAAGGG,4 - 4
32152446_EXO_S4.fastq.gz,Homo sapiens,hsa,Bioo,TGGAATTCTCGGGTGCCAAGGG,4 - 4
32152451_EXO_S5.fastq.gz,Homo sapiens,hsa,Bioo,TGGAATTCTCGGGTGCCAAGGG,4 - 4
32160028_EXO_S6.fastq.gz,Homo sapiens,hsa,Bioo,TGGAATTCTCGGGTGCCAAGGG,4 - 4
32160083_EXO_S7.fastq.gz,Homo sapiens,hsa,Bioo,TGGAATTCTCGGGTGCCAAGGG,4 - 4
32160120_EXO_S8.fastq.gz,Homo sapiens,hsa,Bioo,TGGAATTCTCGGGTGCCAAGGG,4 - 4
32160241_EXO_S9.fastq.gz,Homo sapiens,hsa,Bioo,TGGAATTCTCGGGTGCCAAGGG,4 - 4
32160246_EXO_S10.fastq.gz,Homo sapiens,hsa,Bioo,TGGAATTCTCGGGTGCCAAGGG,4 - 4
32160323_EXO_S11.fastq.gz,Homo sapiens,hsa,Bioo,TGGAATTCTCGGGTGCCAAGGG,4 - 4
32160457_EXO_S12.fastq.gz,Homo sapiens,hsa,Bioo,TGGAATTCTCGGGTGCCAAGGG,4 - 4
32160466_EXO_S13.fastq.gz,Homo sapiens,hsa,Bioo,TGGAATTCTCGGGTGCCAAGGG,4 - 4
32160472_EXO_S14.fastq.gz,Homo sapiens,hsa,Bioo,TGGAATTCTCGGGTGCCAAGGG,4 - 4
32160600_EXO_S15.fastq.gz,Homo sapiens,hsa,Bioo,TGGAATTCTCGGGTGCCAAGGG,4 - 4
32160766_EXO_S16.fastq.gz,Homo sapiens,hsa,Bioo,TGGAATTCTCGGGTGCCAAGGG,4 - 4
32160782_EXO_S17.fastq.gz,Homo sapiens,hsa,Bioo,TGGAATTCTCGGGTGCCAAGGG,4 - 4
32161246_EXO_S18.fastq.gz,Homo sapiens,hsa,Bioo,TGGAATTCTCGGGTGCCAAGGG,4 - 4
32161252_EXO_S19.fastq.gz,Homo sapiens,hsa,Bioo,TGGAATTCTCGGGTGCCAAGGG,4 - 4
32161358_EXO_S20.fastq.gz,Homo sapiens,hsa,Bioo,TGGAATTCTCGGGTGCCAAGGG,4 - 4
32161367_EXO_S21.fastq.gz,Homo sapiens,hsa,Bioo,TGGAATTCTCGGGTGCCAAGGG,4 - 4
32161415_EXO_S22.fastq.gz,Homo sapiens,hsa,Bioo,TGGAATTCTCGGGTGCCAAGGG,4 - 4
32170068_EXO_S23.fastq.gz,Homo sapiens,hsa,Bioo,TGGAATTCTCGGGTGCCAAGGG,4 - 4
32170276_EXO_S24.fastq.gz,Homo sapiens,hsa,Bioo,TGGAATTCTCGGGTGCCAAGGG,4 - 4
32170346_EXO_S25.fastq.gz,Homo sapiens,hsa,Bioo,TGGAATTCTCGGGTGCCAAGGG,4 - 4
32170365_EXO_S26.fastq.gz,Homo sapiens,hsa,Bioo,TGGAATTCTCGGGTGCCAAGGG,4 - 4
32170367_EXO_S27.fastq.gz,Homo sapiens,hsa,Bioo,TGGAATTCTCGGGTGCCAAGGG,4 - 4
32170368_EXO_S28.fastq.gz,Homo sapiens,hsa,Bioo,TGGAATTCTCGGGTGCCAAGGG,4 - 4
32170381_EXO_S29.fastq.gz,Homo sapiens,hsa,Bioo,TGGAATTCTCGGGTGCCAAGGG,4 - 4
32170400_EXO_S30.fastq.gz,Homo sapiens,hsa,Bioo,TGGAATTCTCGGGTGCCAAGGG,4 - 4
32170453_EXO_S31.fastq.gz,Homo sapiens,hsa,Bioo,TGGAATTCTCGGGTGCCAAGGG,4 - 4
32170613_EXO_S32.fastq.gz,Homo sapiens,hsa,Bioo,TGGAATTCTCGGGTGCCAAGGG,4 - 4
32170644_EXO_S33.fastq.gz,Homo sapiens,hsa,Bioo,TGGAATTCTCGGGTGCCAAGGG,4 - 4
